{
  "batch_max": 1,
  "batch_min": 1,
  "context_max": 538,
  "context_min": 523,
  "num_records": 32,
  "num_steps": 16,
  "regions": [
    {
      "arithmetic_intensity": 0.9981185324553151,
      "bytes_moved": 34832384.0,
      "count": 16,
      "flops": 34766848.0,
      "latency_ms": 16959.97002691729,
      "latency_share": 0.3514331326888316,
      "region": "attention"
    },
    {
      "arithmetic_intensity": 0.9992681141741888,
      "bytes_moved": 268632064.0,
      "count": 16,
      "flops": 268435456.0,
      "latency_ms": 31299.48091658298,
      "latency_share": 0.6485668673111684,
      "region": "mlp"
    }
  ],
  "total_latency_ms": 48259.45094350027
}
