{
  "batch_max": 1,
  "batch_min": 1,
  "context_max": 538,
  "context_min": 523,
  "num_records": 32,
  "num_steps": 16,
  "regions": [
    {
      "arithmetic_intensity": 0.9981185324553151,
      "bytes_moved": 26124288.0,
      "count": 16,
      "flops": 26075136.0,
      "latency_ms": 1894.9175195302814,
      "latency_share": 0.5491262199796072,
      "region": "attention"
    },
    {
      "arithmetic_intensity": 0.9990243902439024,
      "bytes_moved": 151142400.0,
      "count": 16,
      "flops": 150994944.0,
      "latency_ms": 1555.8692952035926,
      "latency_share": 0.4508737800203928,
      "region": "mlp"
    }
  ],
  "total_latency_ms": 3450.786814733874
}
