{
  "batch_max": 1,
  "batch_min": 1,
  "context_max": 538,
  "context_min": 523,
  "num_records": 32,
  "num_steps": 16,
  "regions": [
    {
      "arithmetic_intensity": 0.9981185324553151,
      "bytes_moved": 34832384.0,
      "count": 16,
      "flops": 34766848.0,
      "latency_ms": 3580.236328241881,
      "latency_share": 0.5205479649248381,
      "region": "attention"
    },
    {
      "arithmetic_intensity": 0.9992681141741888,
      "bytes_moved": 268632064.0,
      "count": 16,
      "flops": 268435456.0,
      "latency_ms": 3297.5858312565833,
      "latency_share": 0.4794520350751619,
      "region": "mlp"
    }
  ],
  "total_latency_ms": 6877.822159498464
}
