{
  "batch_max": 1,
  "batch_min": 1,
  "context_max": 294,
  "context_min": 263,
  "num_records": 64,
  "num_steps": 32,
  "regions": [
    {
      "arithmetic_intensity": 0.9964221824686941,
      "bytes_moved": 27475968.0,
      "count": 32,
      "flops": 27377664.0,
      "latency_ms": 4826.706118881702,
      "latency_share": 0.6528136367299348,
      "region": "attention"
    },
    {
      "arithmetic_intensity": 0.9990243902439024,
      "bytes_moved": 302284800.0,
      "count": 32,
      "flops": 301989888.0,
      "latency_ms": 2566.9907148112543,
      "latency_share": 0.3471863632700653,
      "region": "mlp"
    }
  ],
  "total_latency_ms": 7393.696833692957
}
