{
  "batch_max": 1,
  "batch_min": 1,
  "context_max": 555,
  "context_min": 524,
  "num_records": 64,
  "num_steps": 32,
  "regions": [
    {
      "arithmetic_intensity": 0.9981498612395929,
      "bytes_moved": 53133312.0,
      "count": 32,
      "flops": 53035008.0,
      "latency_ms": 6802.705725247506,
      "latency_share": 0.6160401626216634,
      "region": "attention"
    },
    {
      "arithmetic_intensity": 0.9990243902439024,
      "bytes_moved": 302284800.0,
      "count": 32,
      "flops": 301989888.0,
      "latency_ms": 4239.927755494136,
      "latency_share": 0.3839598373783366,
      "region": "mlp"
    }
  ],
  "total_latency_ms": 11042.633480741642
}
