{
  "num_points": 27,
  "rows": [
    {
      "adaptive_family_gap_closed": 0.0,
      "adaptive_family_speedup": 1.0,
      "adaptive_feature_gap_closed": 0.0,
      "adaptive_feature_speedup": 1.0,
      "adaptive_score_gap_closed": 0.0,
      "adaptive_score_speedup": 1.0,
      "attention_share": 0.4256816256872712,
      "batch_size": 1,
      "context": 256,
      "device_kind": "cpu",
      "mlp_share": 0.5743183743127288,
      "model": "gpt2",
      "online_gap_closed": 0.0,
      "online_speedup": 1.0,
      "oracle_speedup": 1.2674816245401324,
      "simulation_report": "artifacts/reports/gpt2_ctx256_simulation_full.json"
    },
    {
      "adaptive_family_gap_closed": 0.0,
      "adaptive_family_speedup": 1.0,
      "adaptive_feature_gap_closed": 0.5361721697444785,
      "adaptive_feature_speedup": 1.1394013271354655,
      "adaptive_score_gap_closed": 1.0,
      "adaptive_score_speedup": 1.2956462385945058,
      "attention_share": 0.453312756538953,
      "batch_size": 1,
      "context": 512,
      "device_kind": "cpu",
      "mlp_share": 0.546687243461047,
      "model": "gpt2",
      "online_gap_closed": 0.5361721697444785,
      "online_speedup": 1.1394013271354655,
      "oracle_speedup": 1.2956462385945058,
      "simulation_report": "artifacts/reports/gpt2_ctx512_simulation_full.json"
    },
    {
      "adaptive_family_gap_closed": 0.5594179128180408,
      "adaptive_family_speedup": 1.1567620810533978,
      "adaptive_feature_gap_closed": 0.5594179128180408,
      "adaptive_feature_speedup": 1.1567620810533978,
      "adaptive_score_gap_closed": 1.0,
      "adaptive_score_speedup": 1.3196933825239312,
      "attention_share": 0.44871417577605477,
      "batch_size": 1,
      "context": 768,
      "device_kind": "cpu",
      "mlp_share": 0.5512858242239452,
      "model": "gpt2",
      "online_gap_closed": 0.5594179128180408,
      "online_speedup": 1.1567620810533978,
      "oracle_speedup": 1.3196933825239312,
      "simulation_report": "artifacts/reports/gpt2_ctx768_simulation_full.json"
    },
    {
      "adaptive_family_gap_closed": 0.5630023396331136,
      "adaptive_family_speedup": 1.164318254717458,
      "adaptive_feature_gap_closed": 0.5630023396331136,
      "adaptive_feature_speedup": 1.164318254717458,
      "adaptive_score_gap_closed": 1.0,
      "adaptive_score_speedup": 1.3345270989254765,
      "attention_share": 0.43424038963435113,
      "batch_size": 1,
      "context": 960,
      "device_kind": "cpu",
      "mlp_share": 0.5657596103656489,
      "model": "gpt2",
      "online_gap_closed": 0.5630023396331136,
      "online_speedup": 1.164318254717458,
      "oracle_speedup": 1.3345270989254765,
      "simulation_report": "artifacts/reports/gpt2_ctx960_simulation_full.json"
    },
    {
      "adaptive_family_gap_closed": 0.5275926402656913,
      "adaptive_family_speedup": 1.1364198289562446,
      "adaptive_feature_gap_closed": 0.5275926402656913,
      "adaptive_feature_speedup": 1.1364198289562446,
      "adaptive_score_gap_closed": 1.0,
      "adaptive_score_speedup": 1.2945497989723476,
      "attention_share": 0.4449871566400741,
      "batch_size": 4,
      "context": 512,
      "device_kind": "cpu",
      "mlp_share": 0.5550128433599258,
      "model": "gpt2",
      "online_gap_closed": 0.5275926402656913,
      "online_speedup": 1.1364198289562446,
      "oracle_speedup": 1.2945497989723476,
      "simulation_report": "artifacts/reports/gpt2_ctx512_bs4_simulation_full.json"
    },
    {
      "adaptive_family_gap_closed": 0.0,
      "adaptive_family_speedup": 1.0,
      "adaptive_feature_gap_closed": 0.0,
      "adaptive_feature_speedup": 1.0,
      "adaptive_score_gap_closed": 0.0,
      "adaptive_score_speedup": 1.0,
      "attention_share": 0.6528136367299348,
      "batch_size": 1,
      "context": 256,
      "device_kind": "cpu",
      "mlp_share": 0.3471863632700653,
      "model": "opt-125m",
      "online_gap_closed": 0.0,
      "online_speedup": 1.0,
      "oracle_speedup": 1.2820222908642418,
      "simulation_report": "artifacts/reports/opt125m_ctx256_simulation_full.json"
    },
    {
      "adaptive_family_gap_closed": 0.7362476391432776,
      "adaptive_family_speedup": 1.2193438127048093,
      "adaptive_feature_gap_closed": 0.7362476391432776,
      "adaptive_feature_speedup": 1.2193438127048093,
      "adaptive_score_gap_closed": 1.0,
      "adaptive_score_speedup": 1.3233274877398342,
      "attention_share": 0.6670366748571693,
      "batch_size": 1,
      "context": 512,
      "device_kind": "cpu",
      "mlp_share": 0.33296332514283067,
      "model": "opt-125m",
      "online_gap_closed": 0.7362476391432776,
      "online_speedup": 1.2193438127048093,
      "oracle_speedup": 1.3233274877398342,
      "simulation_report": "artifacts/reports/opt125m_ctx512_simulation_full.json"
    },
    {
      "adaptive_family_gap_closed": 0.727887356195678,
      "adaptive_family_speedup": 1.2354735445127853,
      "adaptive_feature_gap_closed": 0.727887356195678,
      "adaptive_feature_speedup": 1.2354735445127853,
      "adaptive_score_gap_closed": 1.0,
      "adaptive_score_speedup": 1.3547292528225479,
      "attention_share": 0.6319444831847685,
      "batch_size": 1,
      "context": 768,
      "device_kind": "cpu",
      "mlp_share": 0.3680555168152315,
      "model": "opt-125m",
      "online_gap_closed": 0.727887356195678,
      "online_speedup": 1.2354735445127853,
      "oracle_speedup": 1.3547292528225479,
      "simulation_report": "artifacts/reports/opt125m_ctx768_simulation_full.json"
    },
    {
      "adaptive_family_gap_closed": 0.6196046310814258,
      "adaptive_family_speedup": 1.1698677768010664,
      "adaptive_feature_gap_closed": 0.6196046310814258,
      "adaptive_feature_speedup": 1.1698677768010664,
      "adaptive_score_gap_closed": 1.0,
      "adaptive_score_speedup": 1.3060748410637222,
      "attention_share": 0.5397875962949391,
      "batch_size": 4,
      "context": 512,
      "device_kind": "cpu",
      "mlp_share": 0.46021240370506095,
      "model": "opt-125m",
      "online_gap_closed": 0.6196046310814258,
      "online_speedup": 1.1698677768010664,
      "oracle_speedup": 1.3060748410637222,
      "simulation_report": "artifacts/reports/opt125m_ctx512_bs4_simulation_full.json"
    },
    {
      "adaptive_family_gap_closed": 0.0,
      "adaptive_family_speedup": 1.0,
      "adaptive_feature_gap_closed": 0.0,
      "adaptive_feature_speedup": 1.0,
      "adaptive_score_gap_closed": 0.0,
      "adaptive_score_speedup": 1.0,
      "attention_share": 0.4639284946280807,
      "batch_size": 1,
      "context": 256,
      "device_kind": "gpu",
      "mlp_share": 0.5360715053719193,
      "model": "gpt2",
      "online_gap_closed": 0.0,
      "online_speedup": 1.0,
      "oracle_speedup": 1.269349608209804,
      "simulation_report": "artifacts/reports/gpt2_gpu_ctx256_bs1_simulation_full.json"
    },
    {
      "adaptive_family_gap_closed": 0.0,
      "adaptive_family_speedup": 1.0,
      "adaptive_feature_gap_closed": 0.5371707107116919,
      "adaptive_feature_speedup": 1.1400200667907048,
      "adaptive_score_gap_closed": 1.0,
      "adaptive_score_speedup": 1.2964232555991906,
      "attention_share": 0.46556622690309973,
      "batch_size": 1,
      "context": 512,
      "device_kind": "gpu",
      "mlp_share": 0.5344337730969002,
      "model": "gpt2",
      "online_gap_closed": 0.5477773107710164,
      "online_speedup": 1.1431806630286658,
      "oracle_speedup": 1.2964232555991906,
      "simulation_report": "artifacts/reports/gpt2_gpu_ctx512_bs1_simulation_full.json"
    },
    {
      "adaptive_family_gap_closed": 0.5720381306007016,
      "adaptive_family_speedup": 1.161702609041029,
      "adaptive_feature_gap_closed": 0.5720381306007016,
      "adaptive_feature_speedup": 1.161702609041029,
      "adaptive_score_gap_closed": 1.0,
      "adaptive_score_speedup": 1.3215814782275817,
      "attention_share": 0.4618628388412367,