{
  "batch_max": 1,
  "batch_min": 1,
  "context_max": 554,
  "context_min": 523,
  "num_records": 64,
  "num_steps": 32,
  "regions": [
    {
      "arithmetic_intensity": 0.9981464318813716,
      "bytes_moved": 53035008.0,
      "count": 32,
      "flops": 52936704.0,
      "latency_ms": 6000.774493557401,
      "latency_share": 0.48624708563380176,
      "region": "attention"
    },
    {
      "arithmetic_intensity": 0.9990243902439024,
      "bytes_moved": 302284800.0,
      "count": 32,
      "flops": 301989888.0,
      "latency_ms": 6340.2238812414,
      "latency_share": 0.5137529143661982,
      "region": "mlp"
    }
  ],
  "total_latency_ms": 12340.9983747988
}
