{
  "batch_max": 1,
  "batch_min": 1,
  "context_max": 544,
  "context_min": 529,
  "mean_kv_bytes_est": 1648128.0,
  "mean_kv_bytes_per_token_est": 3072.0,
  "mean_memory_pressure_proxy": 0.9981393980223986,
  "num_records": 32,
  "num_steps": 16,
  "regions": [
    {
      "arithmetic_intensity": 0.998139534883721,
      "bytes_moved": 26419200.0,
      "count": 16,
      "flops": 26370048.0,
      "latency_ms": 1577.2623658413067,
      "latency_share": 0.4618640894837207,
      "region": "attention"
    },
    {
      "arithmetic_intensity": 0.9990243902439024,
      "bytes_moved": 151142400.0,
      "count": 16,
      "flops": 150994944.0,
      "latency_ms": 1837.7300567226484,
      "latency_share": 0.5381359105162793,
      "region": "mlp"
    }
  ],
  "total_latency_ms": 3414.992422563955
}
