{
  "batch_max": 1,
  "batch_min": 1,
  "context_max": 538,
  "context_min": 523,
  "num_records": 32,
  "num_steps": 16,
  "regions": [
    {
      "arithmetic_intensity": 0.9981185324553151,
      "bytes_moved": 26124288.0,
      "count": 16,
      "flops": 26075136.0,
      "latency_ms": 1518.2161465054378,
      "latency_share": 0.46556622690309973,
      "region": "attention"
    },
    {
      "arithmetic_intensity": 0.9990243902439024,
      "bytes_moved": 151142400.0,
      "count": 16,
      "flops": 150994944.0,
      "latency_ms": 1742.7939070039429,
      "latency_share": 0.5344337730969002,
      "region": "mlp"
    }
  ],
  "total_latency_ms": 3261.0100535093807
}
