{
  "batch_max": 1,
  "batch_min": 1,
  "context_max": 808,
  "context_min": 793,
  "mean_kv_bytes_est": 6557696.0,
  "mean_kv_bytes_per_token_est": 8192.0,
  "mean_memory_pressure_proxy": 0.9987522980899287,
  "num_records": 32,
  "num_steps": 16,
  "regions": [
    {
      "arithmetic_intensity": 0.9987523393636931,
      "bytes_moved": 105054208.0,
      "count": 16,
      "flops": 104923136.0,
      "latency_ms": 15148.302185581997,
      "latency_share": 0.5818594881585055,
      "region": "attention"
    },
    {
      "arithmetic_intensity": 0.999633923123856,
      "bytes_moved": 1074135040.0,
      "count": 16,
      "flops": 1073741824.0,
      "latency_ms": 10885.993883945048,
      "latency_share": 0.41814051184149453,
      "region": "mlp"
    }
  ],
  "total_latency_ms": 26034.296069527045
}
