{
  "batch_max": 1,
  "batch_min": 1,
  "context_max": 280,
  "context_min": 265,
  "mean_kv_bytes_est": 2232320.0,
  "mean_kv_bytes_per_token_est": 8192.0,
  "mean_memory_pressure_proxy": 0.9963426536491539,
  "num_records": 32,
  "num_steps": 16,
  "regions": [
    {
      "arithmetic_intensity": 0.9963436928702011,
      "bytes_moved": 35848192.0,
      "count": 16,
      "flops": 35717120.0,
      "latency_ms": 7244.136294117197,
      "latency_share": 0.5447319535131279,
      "region": "attention"
    },
    {
      "arithmetic_intensity": 0.999633923123856,
      "bytes_moved": 1074135040.0,
      "count": 16,
      "flops": 1073741824.0,
      "latency_ms": 6054.397502914071,
      "latency_share": 0.4552680464868721,
      "region": "mlp"
    }
  ],
  "total_latency_ms": 13298.533797031268
}
