{
  "batch_max": 1,
  "batch_min": 1,
  "context_max": 1039,
  "context_min": 1024,
  "mean_kv_bytes_est": 8450048.0,
  "mean_kv_bytes_per_token_est": 8192.0,
  "mean_memory_pressure_proxy": 0.9990314576910473,
  "num_records": 32,
  "num_steps": 16,
  "regions": [
    {
      "arithmetic_intensity": 0.9990314769975787,
      "bytes_moved": 135331840.0,
      "count": 16,
      "flops": 135200768.0,
      "latency_ms": 6410.559257492423,
      "latency_share": 0.5533343446301395,
      "region": "attention"
    },
    {
      "arithmetic_intensity": 0.999633923123856,
      "bytes_moved": 1074135040.0,
      "count": 16,
      "flops": 1073741824.0,
      "latency_ms": 5174.76762435399,
      "latency_share": 0.44666565536986047,
      "region": "mlp"
    }
  ],
  "total_latency_ms": 11585.326881846413
}
