{
  "batch_max": 1,
  "batch_min": 1,
  "context_max": 280,
  "context_min": 265,
  "num_records": 32,
  "num_steps": 16,
  "regions": [
    {
      "arithmetic_intensity": 0.9963436928702011,
      "bytes_moved": 35848192.0,
      "count": 16,
      "flops": 35717120.0,
      "latency_ms": 7706.9126249989495,
      "latency_share": 0.5436960612159484,
      "region": "attention"
    },
    {
      "arithmetic_intensity": 0.999633923123856,
      "bytes_moved": 1074135040.0,
      "count": 16,
      "flops": 1073741824.0,
      "latency_ms": 6468.125920917373,
      "latency_share": 0.45630393878405157,
      "region": "mlp"
    }
  ],
  "total_latency_ms": 14175.038545916323
}
