{
  "batch_max": 1,
  "batch_min": 1,
  "context_max": 544,
  "context_min": 529,
  "mean_kv_bytes_est": 4395008.0,
  "mean_kv_bytes_per_token_est": 8192.0,
  "mean_memory_pressure_proxy": 0.9981393980223986,
  "num_records": 32,
  "num_steps": 16,
  "regions": [
    {
      "arithmetic_intensity": 0.998139534883721,
      "bytes_moved": 70451200.0,
      "count": 16,
      "flops": 70320128.0,
      "latency_ms": 7242.692600237206,
      "latency_share": 0.5404433907283148,
      "region": "attention"
    },
    {
      "arithmetic_intensity": 0.999633923123856,
      "bytes_moved": 1074135040.0,
      "count": 16,
      "flops": 1073741824.0,
      "latency_ms": 6158.697303850204,
      "latency_share": 0.4595566092716852,
      "region": "mlp"
    }
  ],
  "total_latency_ms": 13401.38990408741
}
