{
  "batch_max": 1,
  "batch_min": 1,
  "context_max": 148,
  "context_min": 133,
  "mean_kv_bytes_est": 1150976.0,
  "mean_kv_bytes_per_token_est": 8192.0,
  "mean_memory_pressure_proxy": 0.992925347415204,
  "num_records": 32,
  "num_steps": 16,
  "regions": [
    {
      "arithmetic_intensity": 0.9929328621908127,
      "bytes_moved": 18546688.0,
      "count": 16,
      "flops": 18415616.0,
      "latency_ms": 7185.625105397776,
      "latency_share": 0.5410502532474674,
      "region": "attention"
    },
    {
      "arithmetic_intensity": 0.999633923123856,
      "bytes_moved": 1074135040.0,
      "count": 16,
      "flops": 1073741824.0,
      "latency_ms": 6095.257885172032,
      "latency_share": 0.45894974675253264,
      "region": "mlp"
    }
  ],
  "total_latency_ms": 13280.882990569808
}
