{
  "batch_max": 1,
  "batch_min": 1,
  "context_max": 538,
  "context_min": 523,
  "num_records": 32,
  "num_steps": 16,
  "regions": [
    {
      "arithmetic_intensity": 0.9981185324553151,
      "bytes_moved": 52248576.0,
      "count": 16,
      "flops": 52150272.0,
      "latency_ms": 4773.440156714059,
      "latency_share": 0.5722354882611831,
      "region": "attention"
    },
    {
      "arithmetic_intensity": 0.9995630630211868,
      "bytes_moved": 881188864.0,
      "count": 16,
      "flops": 880803840.0,
      "latency_ms": 3568.300708080642,
      "latency_share": 0.4277645117388169,
      "region": "mlp"
    }
  ],
  "total_latency_ms": 8341.740864794701
}
