{
  "batch_max": 1,
  "batch_min": 1,
  "context_max": 277,
  "context_min": 262,
  "mean_kv_bytes_est": 1655808.0,
  "mean_kv_bytes_per_token_est": 6144.0,
  "mean_memory_pressure_proxy": 0.9963020681342138,
  "num_records": 32,
  "num_steps": 16,
  "regions": [
    {
      "arithmetic_intensity": 0.9963031423290203,
      "bytes_moved": 26591232.0,
      "count": 16,
      "flops": 26492928.0,
      "latency_ms": 8411.241816356778,
      "latency_share": 0.542260257896198,
      "region": "attention"
    },
    {
      "arithmetic_intensity": 0.9995630630211868,
      "bytes_moved": 881188864.0,
      "count": 16,
      "flops": 880803840.0,
      "latency_ms": 7100.206227041781,
      "latency_share": 0.457739742103802,
      "region": "mlp"
    }
  ],
  "total_latency_ms": 15511.44804339856
}
