{
  "batch_max": 1,
  "batch_min": 1,
  "context_max": 538,
  "context_min": 523,
  "mean_kv_bytes_est": 8691712.0,
  "mean_kv_bytes_per_token_est": 16384.0,
  "mean_memory_pressure_proxy": 0.9981183909060465,
  "num_records": 32,
  "num_steps": 16,
  "regions": [
    {
      "arithmetic_intensity": 0.9981185324553151,
      "bytes_moved": 139329536.0,
      "count": 16,
      "flops": 139067392.0,
      "latency_ms": 15257.977191358805,
      "latency_share": 0.5524396096287202,
      "region": "attention"
    },
    {
      "arithmetic_intensity": 0.9997965908628615,
      "bytes_moved": 3221880832.0,
      "count": 16,
      "flops": 3221225472.0,
      "latency_ms": 12361.29001074005,
      "latency_share": 0.44756039037127987,
      "region": "mlp"
    }
  ],
  "total_latency_ms": 27619.267202098854
}
