{
  "batch_max": 1,
  "batch_min": 1,
  "context_max": 277,
  "context_min": 262,
  "mean_kv_bytes_est": 4415488.0,
  "mean_kv_bytes_per_token_est": 16384.0,
  "mean_memory_pressure_proxy": 0.9963020681342138,
  "num_records": 32,
  "num_steps": 16,
  "regions": [
    {
      "arithmetic_intensity": 0.9963031423290203,
      "bytes_moved": 70909952.0,
      "count": 16,
      "flops": 70647808.0,
      "latency_ms": 15069.934718543664,
      "latency_share": 0.5735542924864521,
      "region": "attention"
    },
    {
      "arithmetic_intensity": 0.9997965908628615,
      "bytes_moved": 3221880832.0,
      "count": 16,
      "flops": 3221225472.0,
      "latency_ms": 11204.709052690305,
      "latency_share": 0.42644570751354793,
      "region": "mlp"
    }
  ],
  "total_latency_ms": 26274.64377123397
}
