{
  "batch_max": 1,
  "batch_min": 1,
  "context_max": 277,
  "context_min": 262,
  "num_records": 32,
  "num_steps": 16,
  "regions": [
    {
      "arithmetic_intensity": 0.9963031423290203,
      "bytes_moved": 70909952.0,
      "count": 16,
      "flops": 70647808.0,
      "latency_ms": 2630.881256714929,
      "latency_share": 0.5468671990085734,
      "region": "attention"
    },
    {
      "arithmetic_intensity": 0.9997965908628615,
      "bytes_moved": 3221880832.0,
      "count": 16,
      "flops": 3221225472.0,
      "latency_ms": 2179.941666079685,
      "latency_share": 0.4531328009914266,
      "region": "mlp"
    }
  ],
  "total_latency_ms": 4810.822922794614
}
