{
  "batch_max": 1,
  "batch_min": 1,
  "context_max": 538,
  "context_min": 523,
  "num_records": 32,
  "num_steps": 16,
  "regions": [
    {
      "arithmetic_intensity": 0.9981185324553151,
      "bytes_moved": 139329536.0,
      "count": 16,
      "flops": 139067392.0,
      "latency_ms": 2750.6014683749527,
      "latency_share": 0.49639444934113186,
      "region": "attention"
    },
    {
      "arithmetic_intensity": 0.9997965908628615,
      "bytes_moved": 3221880832.0,
      "count": 16,
      "flops": 3221225472.0,
      "latency_ms": 2790.559340384789,
      "latency_share": 0.5036055506588681,
      "region": "mlp"
    }
  ],
  "total_latency_ms": 5541.1608087597415
}
